title,type,keyword
1,"阿胶黄精丸","阿胶黄精丸价格多少钱一瓶?是不是真药_保健养生_百度经验"
2,"君山乳腺贴"
2,"君山乳腺贴在哪买"
2,"骨刺郁金膏"
2,"骨刺郁金膏在哪买"
2,"月经量少"
2,"更年期综合症"
2,"多囊卵巢综合症"
2,"阴囊湿疹用什么药"
2,"脂溢性皮炎如何根治"
1,"黄褐斑形成原因","分类以及用什么去斑好_保健养生_百度经验"
1,"黄褐斑能去掉吗","脸上长斑能去掉吗?可以简单去除黄褐斑吗_百度文库"
1,"月经量少的调理方法","月经量少怎么调理?月经量少吃什么中药好_百度文库"
1,"月经量少的调理方法","月经量少颜色黑是怎么了?如何调理_百度文库"
1,"月经量少的调理方法","月经量少怎么调理?月经量少吃什么好_百度经验"
1,"月经量少的调理方法","怎么饮食可以缓解调理月经量少推迟的症状_百度文库"
1,"月经量少的调理方法","探讨月经量少颜色黑是啥原因造成的?如何调理_百度文库"
1,"月经量少的调理方法","月经过少(月经量少)的辨证要点及辨证治疗_百度文库"
1,"月经量少的调理方法","人流后月经量很少如何调理过来_百度经验"
1,"月经量少的调理方法","气血两虚宫寒月经量少如何调理_百度经验"
1,"月经量少的调理方法","痛经月经量少是咋回事?怎么调理_百度经验"
1,"月经量少的调理方法","如何治疗人流后月经量少?怎么调理_百度文库"
1,"月经量少的调理方法","月经量少是黄体不足引的原因吗?怎么治疗月经量少_百度文库"
1,"月经量少的调理方法","月经量少并伴有乳房胀痛症状咋办?怎么治疗?_百度文库"
1,"月经量少的调理方法","减肥后月经量少闭经怎么调理?做什么检查_百度文库"
1,"月经量少的调理方法","研究气血不畅痛经月经量少是怎么办?吃啥调理_百度文库"
1,"月经量少的调理方法","为什么多囊卵巢会引起月经量少和不孕?怎么治疗月经量少_百度文库"
1,"月经量少的调理方法","研究青春期多囊卵巢综合征月经量少是怎么回事?怎么调理_百度文库"
1,"月经量少的调理方法","吃阿胶黄精丸真的可以调理月经量少吗_百度经验"
1,"月经量少的调理方法","月经期能吃巧克力吗?痛经月经量少怎么办_百度经验"
1,"月经量少的调理方法","怎样调理人流后造成的子宫内膜薄月经量少_百度经验"
1,"月经量少的调理方法","临床研究月经期量少腰痛是怎么回事?月经量少会影响怀孕吗_百度文库"
1,"月经量少是什么原因","40岁女人月经量少闭经是什么原因引起_百度文库"
1,"月经量少是什么原因","引起女性长期月经量少的原因是什么?怎么办_百度经验"
1,"月经量少是什么原因","月经量少且白带多是什么原因_百度知道"
1,"月经量少是什么原因","月经量少月经颜色变黑是怎么回事?怎么办_百度文库"
1,"月经量少是什么原因","我的月经量少,并抵抗力差容易感冒,是什么原因呢?_百度知道"
1,"月经量少影响受孕吗","临床研究月经期量少腰痛是怎么回事?月经量少会影响怀孕吗_百度文库"
1,"月经量少影响受孕吗","月经量少有排卵会影响生育吗?月经推迟痛经怎么办_百度文库"
1,"月经量少影响受孕吗","月经量少影响受孕吗?女生月经一般几天?吃孕酮片几天来..._百度知道"
1,"月经量少影响受孕吗","月经量少怀孕后孩子能在肚子里正常发育吗?_百度知道"
1,"月经量少影响受孕吗","临床研究月经期量少腰痛是怎么回事?月经量少会影响怀孕吗_百度文库"
1,"月经量少影响受孕吗","月经量少有排卵会影响生育吗?月经推迟痛经怎么办_百度文库"
1,"月经量少影响受孕吗","心慌月经量少有血块是怎么回事?月经量少会影响排卵吗?。"
1,"月经量少吃什么药","月经量少怎么调理?月经量少吃什么中药好_百度文库"
1,"月经量少吃什么药","脱发月经量少怎么办?吃什么药_百度经验"
1,"月经量少吃什么药","月经量少做什么检查?研究用中药治疗效果怎样_百度文库"
1,"月经量少吃什么药","人流造成的子宫内膜薄月经量少吃什么好_百度文库"
1,"月经量少吃什么药","痛经月经量少吃什么好?痛经月经量少怎么办_百度经验"
1,"月经量少吃什么药","中药泡脚能缓解痛经月经量少症状吗?吃什么调理_百度经验"
1,"月经量少吃什么药","20岁月经量少吃什么药最好_百度知道"
1,"月经量少吃什么药","人流后月经量少吃什么药_百度知道"
1,"月经量少吃什么药","更年期月经量少推迟适合吃什么药_百度文库"
1,"月经量少吃什么药","吃什么补品对多囊卵巢月经量少好?月经量少吃西瓜有何危害_百度文库"
1,"月经量少吃什么药","月经量少痛经吃什么药_百度知道"
1,"月经量少吃什么药","痰湿型月经量少服什么药好_百度知道"
1,"月经量少吃什么药","月经量少且拖时间长吃什么药好_百度知道"
1,"失眠的原因有哪些","围绝经期女性失眠的影响因素有哪些以及怎么办文档_百度文库"
